name;class;1st_order_diag_amplitude_entire;2nd_order_diag_amplitude_entire;normalized_entropy_entire;normalized_quadractic_entropy_entire;mean_magnitude_entire;weighted_center_X_entire;weighted_center_Y_entire;sum_absolute_log_entire
Z001;Z;189357.83855726558;10096774.696828358;5.1658111172375065;4.474971948746701;159207.98771868684;81.95547537675562;456.5012421751433;5954855.453124149
Z002;Z;210731.8588059956;11452873.218429044;4.738756707777101;1.0676313984373007;404864.6189868997;61.72405601173856;426.876889982356;6394533.009312152
Z003;Z;195968.01139312456;10558240.456255978;5.0895726591187715;4.102336548152937;223823.81093952173;73.80937701215018;449.7749243881753;6077640.528323547
Z004;Z;220915.30088377715;12233318.495455239;5.464436983992617;4.981124666337507;238624.87419925004;124.54681345999727;632.863982910734;6823001.874980081
Z005;Z;200601.5936825688;10942067.43337671;5.062660302217332;3.3119024457150545;207009.33172349582;69.84340132667242;468.74360676404785;6202417.834285933
Z006;Z;197437.1210898574;10605293.182234792;4.968828200961835;2.0062369405077236;232937.75955199296;65.64542761574586;451.61700390368446;6085329.382040164
Z007;Z;209646.79804963392;11406958.2581797;5.323467764854459;4.260207315054368;244623.9218381994;99.17486494651699;561.7221001581834;6457503.718647735
Z008;Z;183878.6533275982;9886707.942468634;5.259649335802292;4.450273288531022;75327.28449170085;90.86200233617556;534.7705538518022;5594716.022559529
Z009;Z;172425.14897567747;9292055.428062638;5.0653544916753575;3.768453034255996;61961.275813864406;70.31285565483564;405.0712943902725;5544429.021957155
Z010;Z;179630.38071911669;9652008.877755707;4.653107009779569;2.065934279699052;171968.0045368137;44.11689212327763;319.4852127298195;5555450.928979895
Z011;Z;184966.90037645207;10010113.538670724;5.0647559740847825;3.646000015591197;121761.3876965216;73.33761748898176;403.4989258019622;5836681.074585922
Z012;Z;177893.3574854062;9459746.233703183;4.999764398921279;3.6462010536968466;128729.05194024135;69.85375612948577;370.5699694918979;5639249.524892203
Z013;Z;168363.57985665952;8909482.875799192;5.071306937678342;4.319629965816831;70041.45062390818;76.72796164296572;386.661791999186;5348528.062219017
Z014;Z;176525.60435823305;9383687.665337956;4.966655078782918;3.790887037525822;130967.25589183318;61.89368791359094;369.426170045003;5485485.010714732
Z015;Z;170461.53290477308;9240442.771748103;5.161367957546761;3.876860669833712;41396.52997963236;75.39720212898919;456.76128651888865;5301212.059881568
Z016;Z;198728.75540143464;10847165.805194005;5.139540068345887;3.9592036845468983;187267.24645407833;75.71671645425442;464.0697719340544;6113552.586718803
Z017;Z;170568.5959476197;9142130.212428028;5.121582120232409;3.977487882781543;56156.04533519152;77.56164212514992;417.0838882900984;5463497.031531066
Z018;Z;206930.9303453527;11309459.228078566;5.190281392659568;3.551048567981649;302816.93928054144;78.74740383276097;487.5760096785537;6535230.201335842
Z019;Z;164697.2448936275;8712753.3305687;5.040719677838698;3.9776819727812245;59040.5988628076;71.83205119350507;387.4609925499623;5229590.207918207
Z020;Z;178420.04350859506;9787111.95746985;5.345390687042619;4.44618259597004;39610.01632533651;97.49720447689089;555.9290668131366;5560339.860811065
Z021;Z;173667.29664704265;9433331.516246693;5.1725573020492215;4.046559020538395;49269.6521902901;77.28221629713552;457.8128880867899;5350283.686262793
Z022;Z;168445.8966807094;9040260.299765535;5.1152521816482945;3.908508935063758;48909.17850619229;73.53766514305265;437.20927599207175;5122165.294727475
Z023;Z;214119.40543264186;11840299.236051925;5.35841633305445;4.212540816135166;268626.5561676781;97.48481751837315;574.4554415149506;6835861.347836007
Z024;Z;214675.12881360427;12098729.610687839;5.607409921988241;5.081694847128516;120318.45278199951;139.98795446997008;758.2700782046018;6732434.0829638485
Z025;Z;201770.43912951543;10994819.014798826;5.104534023153064;3.840388237307255;237360.61754443514;71.7544136740709;472.0680570426608;6068694.437037269
Z026;Z;220866.71704411905;12241228.26201514;5.3204197288393145;3.821513398822604;393854.41798960615;92.82310284961062;558.9127174608659;7060147.549963146
Z027;Z;201895.4588411935;11080621.369238634;5.454188098242115;4.872296365774082;147177.50340083838;127.31860734116839;735.752553155175;6176952.240156273
Z028;Z;174131.4681532699;9340976.013719324;4.022755236596452;1.0312626104298235;157538.53290752915;33.06454148423157;270.5866662944709;5319752.298692846
Z029;Z;219352.34552214574;12283196.40258513;5.526485957788462;4.907520238922267;180501.35378435501;124.54275214028901;681.4605801717385;6845669.419794385
Z030;Z;227249.59584098082;12897735.436436988;4.845914850039595;1.0771914659654263;489529.53519580595;73.34888665343072;609.7756970540756;7153574.473256677
Z031;Z;168780.41419510898;8967472.85474828;5.145703769310108;4.153043019491688;53327.757031000016;80.41057610835625;427.5080357123699;5293970.778242222
Z032;Z;181455.56252789908;9928387.013387177;5.367724383031753;4.704375209103418;41851.27146477942;104.86959312690266;553.0952565064684;5582796.576173996
Z033;Z;220166.57192467383;12357660.570152631;4.693443432763866;1.0038172804522845;363686.0057862794;67.54370333540778;503.5048174087773;6897708.762182099
Z034;Z;211118.66878291566;11710996.786687907;5.160136475710849;1.6664272684022177;221812.44899640753;81.82893168876758;532.4880533253162;6644922.967722035
Z035;Z;187882.88140456012;10054582.581901282;4.8762848626220645;3.535951654205376;249720.65587534153;55.53280204864414;389.6207659592867;5785551.850624834
Z036;Z;207673.11246741257;11367477.104172425;5.217755256558514;4.3210791446064185;238010.34535740336;83.1429644793522;483.42803051039266;6354265.594444733
Z037;Z;203452.3337461833;11089833.514629776;5.213130367882594;4.394168580089997;195114.72412789325;83.71874379727653;507.0127386250848;6086885.958933828
Z038;Z;172104.24107966697;9451162.612381425;2.4545670938898407;0.9604580217545047;194336.92585960968;13.445348392147894;141.17046893798914;5347202.884155515
Z039;Z;191774.76729846527;10284031.338044789;4.9524524549910165;3.908877684351995;270321.4547037314;61.91990985209492;402.89996406570384;5995685.3361952705
Z040;Z;193009.20199341857;10609778.004775295;4.075943603119174;0.992027721802924;198069.32338631278;43.89011118614973;358.11405689897697;6154798.199626325
Z041;Z;195646.2095081812;10574258.289041389;5.1381706383900285;4.2955447435900656;194742.5155823113;77.0298027693742;441.23401460544346;6149734.939091163
Z042;Z;171282.08036410753;9383407.225285418;2.50280035874678;0.9637656482645585;202844.46934404672;13.265660991563257;140.3245412064171;5334599.591974857
Z043;Z;195267.05833331234;10749123.160606697;5.41964059002876;4.938629813163029;71525.23251237255;115.64021179909939;577.5837505609969;5983876.111473606
Z044;Z;206501.63569754278;11278009.63469271;5.359775513387949;4.730804059818968;192451.2360313483;103.15860875634554;551.0007317251248;6436255.543037208
Z045;Z;196140.18097353991;10630656.523733357;5.280166318780369;4.466372020345807;140539.67225648172;90.07139154569307;508.30387376114464;6095681.376648732
Z046;Z;193998.78308188563;10552445.02944961;5.065946215032322;2.797100997015533;146929.98981949475;69.77084319154463;452.7926747063474;5981935.085429274
Z047;Z;193468.64118609915;10465022.107845692;4.4370832496903905;1.0804948978195157;274224.00599251356;44.531316251267484;330.9580564439567;5965369.9188562175
Z048;Z;201362.71930961165;10934274.140578272;5.272424658085499;4.638972937801097;179897.57189705948;92.77330201994914;511.42864951321826;6064358.747078353
Z049;Z;189527.0962997405;10362205.52821037;3.9375318071982943;0.9805157437183106;181226.9321337345;40.52851156582102;319.02267689865977;5834571.034586791
Z050;Z;202760.72562950646;10973377.541095233;5.186628722779813;4.360532832391345;239670.58672024688;81.36021630292612;473.63349015268193;6173169.444189366
Z051;Z;203355.70302096911;11169739.58961616;5.3459099886257695;4.446042828693279;132289.62299326417;99.5866634309055;571.3550343922795;6298110.38548458
Z052;Z;200186.7376823512;10937078.926931417;5.4407041904314095;4.8175377233405845;140921.54066516258;121.303807555264;717.3795920387638;6137432.254177485
Z053;Z;178906.52714723072;9646378.803932846;5.188430941896938;4.16379465828262;61011.72007849653;80.5061898188562;479.7428503324327;5304110.80168641
Z054;Z;197532.62301195154;10701721.766528755;4.922055334019059;3.21602679375393;281293.5165851307;59.38544121142597;419.54211877231404;6067002.439810817
Z055;Z;211114.52400962112;11552303.074436245;5.343650174343972;3.9840033915455155;224231.00150229904;102.71543111285588;583.4449154993387;6490071.825887154
Z056;Z;207559.44570889443;11340582.125498071;5.208040422868969;4.393389629492847;240535.92017280453;83.19505384201426;496.0921967069933;6341236.83292544
Z057;Z;190708.25359272154;10233590.715719251;4.995002147841485;3.6514917474324093;203969.64364531924;63.65589403701347;426.0848718725075;5813291.517025118
Z058;Z;202788.72625394288;11180412.35351255;5.378277383613275;4.607645303810947;130729.44656815252;106.01446068531563;583.8099254989788;6409423.460745347
Z059;Z;172195.4697718302;9088625.001532005;5.043622455377835;4.1757863392440395;89572.6898479178;75.64945526753101;408.01557157183936;5205482.556148147
Z060;Z;169073.49809364788;8943230.284553165;3.8786062262347936;1.0019482473292953;161271.0928698385;32.59693424455554;266.48243391411427;5095031.879821266
Z061;Z;160489.835828214;8608590.893988274;2.391780930546355;0.9617614372559111;196604.48748239357;10.927474384179229;119.07933955965748;4833684.889490236
Z062;Z;196114.01985690813;10500225.276788121;5.105654731699382;4.2131043673009865;268809.15129170334;74.8604269672491;432.7061832750719;6218045.2996909
Z063;Z;178892.98257617667;9551126.228574513;5.089398572589468;3.263108865170457;89713.43213365901;76.57297035374697;428.3265725151539;5504644.578585498
Z064;Z;208152.52007462463;11420365.239147225;5.123780006072062;1.7618038538443992;237959.34225215644;78.05453912511344;517.6347275600556;6436323.289856226
Z065;Z;195910.39897828666;10632483.268157467;5.423148049247853;4.673536826660939;121227.38722125383;119.39941294210614;684.4453341661758;6099001.554030477
Z066;Z;171353.75580399754;9227610.158534365;5.288571922112275;4.706513959927186;32641.143591496282;94.91796027700443;523.6611775304563;5025135.245540506
Z067;Z;195133.7127953375;10522384.705542745;5.0284828473827226;3.3526280406178817;221249.6001877584;68.19800232671136;439.07713705858134;6026607.301678589
Z068;Z;197995.83212208687;10735313.871154925;5.293320496528125;4.553986919733407;148009.13513508774;93.26222241398919;528.6805369812427;6160350.200352911
Z069;Z;202623.69325389765;10987002.097693047;5.130935895158354;4.217076044086278;242312.26776552532;78.31889765471576;477.37051312628074;6111031.198074697
Z070;Z;197460.1435661537;10676661.113139499;5.177641178834815;4.473483871038528;192907.9824033382;82.9792617284576;459.34915391551715;6139486.201557924
Z071;Z;200709.60866386327;10840521.692736423;4.995785347161048;3.528690966622101;323037.15896394616;63.345847333820984;422.27949135960694;6151545.534810422
Z072;Z;210556.87112724775;11512212.75669879;5.417303679191602;4.751474702821026;218499.5331346536;109.85653730855337;610.8509323979117;6450744.558364958
Z073;Z;166190.23120371994;8959794.1214178;3.4528789562194753;0.9742961296862301;108063.38061896195;25.641307155056875;239.95725679177252;4990262.4062790545
Z074;Z;192054.59242311717;10354085.538796607;5.194559590832668;4.419853725403865;147001.54858385603;82.91749170981765;460.93301382131045;6048122.70134023
Z075;Z;191667.80543829838;10286226.41504861;5.133655871932463;3.9780603931064835;171180.99224695866;75.88557043462595;457.8020248125035;6004930.267910311
Z076;Z;187220.26710655136;10147619.738847256;5.215667199885191;4.421583167408382;86720.64711413179;83.36942207002677;494.7975647966842;5695159.686223897
Z077;Z;210145.7051188588;11450623.654721698;5.241672233167692;4.553084782495963;269941.2313510244;89.61222960323474;500.3022650303513;6406740.39305653
Z078;Z;195410.44177616242;10577273.229789715;5.4337771109207385;4.73878167444115;130889.48386761031;120.0507486879394;693.7970170050543;6102826.975012716
Z079;Z;196916.68308481478;10719608.024245167;5.3002795508140785;4.498008073213992;113821.71867612257;93.96616917645464;539.9682791377112;6011930.22282327
Z080;Z;162584.69110898164;8746581.8047185;3.2131276510484756;0.9655103432803105;91667.80339781077;22.640683562257905;220.00782661329822;4807287.013118537
Z081;Z;191185.70369643872;10254704.541885734;5.225430053886151;4.440965027240805;133024.96256457327;88.84286540328777;478.61013029079834;6009202.858207004
Z082;Z;219852.65188335194;12138710.986253988;5.418620671798681;4.7138028959861495;274230.0942154748;111.00072526696992;604.6579297013385;6802378.551221812
Z083;Z;174972.0641714117;9413837.25755658;3.8275451551144095;0.986320597111328;134932.24003949817;31.00326588554419;279.7368005000241;5207852.875530904
Z084;Z;189301.9809479301;10247942.009594278;5.160982266805472;4.365063863038291;110821.38536514102;78.94534647622214;482.31944672102753;5684983.095165963
Z085;Z;207550.3513615744;11391022.770427953;5.329486359852303;4.612255318921672;194787.33365886356;98.81474574638801;549.8968785506753;6567213.070972007
Z086;Z;193545.13903705406;10465565.401322125;4.400251313448916;1.0358501683859216;251991.43818069098;45.65686330051155;355.1041166323746;5884533.604709868
Z087;Z;200887.95659768733;10990258.534620635;5.363547941513438;4.707193242308965;117124.2978123623;104.86720057233802;570.5637221089829;6178392.798360123
Z088;Z;197670.61998086938;10730198.266548727;5.234830386173576;4.44571398427948;156741.5055409336;88.30690788940596;498.5740347383624;6201963.715140766
Z089;Z;186689.21197454535;10071457.311178574;4.837806061247146;1.3937359211835143;132994.06229298533;58.41445542789817;416.2663965492837;5580144.853330158
Z090;Z;217279.9303529595;11965942.430127123;5.404742244683289;4.606098751577751;257985.54800644086;109.45800383921073;603.155176018338;6731237.060847743
Z091;Z;198504.61636724093;10746470.477663836;4.975303713169293;1.8550304746438946;226514.18389861044;65.69405716705366;445.0721984808799;6209030.604010706
Z092;Z;193331.0462144769;10407000.131282385;5.229813924185541;4.61923581676258;138056.08357836466;89.83065569363742;493.19235982655744;5943045.910692729
Z093;Z;211776.2163487617;11612523.794208402;5.415495987600415;4.9134386688397695;191701.31957123676;115.85823356920066;602.3770995374397;6419286.267288986
Z094;Z;199194.67672292097;10719299.069218481;5.1036161576385615;4.261628081491865;260683.54528689076;75.1790006218317;452.1675506966113;6231466.7949939445
Z095;Z;202165.41302945453;10943096.799039453;5.26719308676981;4.653186185881971;196725.9833465212;95.21917885006893;520.0808388320698;6147119.031794945
Z096;Z;203042.42228416028;11003266.664313441;4.621720646478005;1.0409041351304906;310971.93832437415;58.34934245401431;421.13347898377583;6014397.489449466
Z097;Z;195307.0809719361;10511849.917684799;5.2588375624529675;4.682451236943725;146881.4589007726;94.10161641478268;505.44556028361524;6007862.7534911195
Z098;Z;195529.018629649;10603110.304948188;5.038944336591498;3.0303815246965042;176233.8659322746;67.9127704041476;460.50902732481745;5920067.555077579
Z099;Z;209331.13134478155;11404335.75863659;5.346648799347682;3.9656009388232696;228557.64265165676;103.86905317245579;585.5500244077581;6363413.497430372
Z100;Z;199856.5329407583;10878198.17191406;4.993580372929675;1.6510668002999076;201864.68847181075;69.91775536175238;461.2995608039695;6134150.443513817
O001;O;196287.6066872676;10521174.009623999;5.0848947672961735;4.431361368863818;257621.40497475344;75.45398272163072;448.5246228955607;6207264.399948114
O002;O;193062.8205724587;10313310.477715636;5.082821416647785;4.309046543889518;212164.8134781189;78.39887933957544;461.6023746471992;5978041.713379227
O003;O;201942.00805711545;10836580.987346021;5.0631985494795915;4.332164721572436;358656.3415485451;74.68679879883977;462.95533491797335;6236646.679733914
O004;O;207941.05475025726;11137574.146291912;5.03000530371504;4.297662710760731;513771.37885508506;74.3544290761851;472.8281216776425;6401287.205572161
O005;O;201934.86976496095;10842829.085392764;4.976214496224841;4.1215134683523065;301143.065556485;76.8192368234802;508.8145132847864;5937728.583318292
O006;O;205788.83753310685;11136966.119224882;4.5113590042161915;1.1083448834467866;463448.8380993439;49.64695698324066;401.8095427532113;6461491.33054675
O007;O;205844.4992756765;10960105.85890413;4.844642090926365;3.9100362850431725;1093116.4027022244;57.18365179417135;366.08263997962416;6382940.789846103
O008;O;198706.43340349954;10668400.917702578;5.097928364870903;4.267645627582425;266219.64879810397;76.85239070395706;470.24320614467877;6164167.483448593
O009;O;195146.37493937975;10392236.117275493;4.870009460949112;3.8181944613763195;428878.5981873784;56.54356327870991;408.62664586882215;6035273.835785024
O010;O;224180.1444627884;12139686.725110758;4.933129829926624;3.6445772673996486;829119.5907965098;86.06256434541235;513.444117808499;6661631.728653995
O011;O;227309.67498700682;12265476.141620306;4.819273956863912;3.282938534027254;1241895.2218403472;76.24892898484349;503.14049114993026;6726713.357453905
O012;O;205368.62236918593;11136897.8439029;5.3066530221993;4.414970831674769;167210.21847321116;114.08702931209466;597.6477888051091;6204079.334759134
O013;O;205077.29133903512;11078465.206402188;4.460150068975616;1.3060457849593126;452694.5016280363;48.65177614285504;466.8841708425309;6140685.518242189
O014;O;225498.11213813085;12167802.18265951;4.511362768488184;2.2868199667187623;1406939.96626182;54.95046637506967;491.45249621897995;6626672.807559841
O015;O;227475.3766053911;12343495.793185258;4.929731657460282;3.5943940472096396;853668.7662106148;89.88913281143255;515.733457530443;6738167.077705032
O016;O;194979.65268268558;10502982.112550147;4.295398961208438;1.0282618038197493;288792.3770990352;44.429101087409286;379.6878088503831;6038326.99991098
O017;O;228044.54278435215;12317689.626824524;4.816721692730517;2.9743152248442786;1183002.9569737772;77.31861272140267;503.2941239859832;6739649.738387693
O018;O;209010.58389469233;11377758.891457615;5.314399240130302;4.094459009745277;251938.7406342308;107.32187354803307;651.6452907507775;6334629.237631014
O019;O;208057.89659589616;11119051.84349474;4.505256950648851;1.8427214402316756;866192.3538736922;48.08861146044768;431.3269510067609;5995852.754012365
O020;O;202334.00383927344;10881895.207131784;4.91155186431127;4.106835472052671;327747.8291347228;77.64876480512294;471.9324050399365;5857723.51515391
O021;O;208949.06484363612;11284799.19606829;4.9158086704989685;3.017637627766284;474096.8485221299;66.03526720503446;447.79986131902865;6073848.2942273775
O022;O;211201.29420766418;11360068.838906487;4.929846862079163;3.5552756127051066;494228.43964036315;78.79499183712745;463.176615101309;6123872.91068015
O023;O;192043.38465153944;10327503.24294752;5.031819405132853;4.207366976741209;158611.41783561712;81.66226032612919;489.3509227665465;5439532.306526797
O024;O;204464.67556710486;10955868.1371854;4.42108728143127;1.7456896489580118;759037.7591080315;42.61519297150799;425.6865294899618;5896218.250037995
O025;O;206526.0509519917;11116348.391413348;4.8906817756427765;4.049009806365322;415922.50398097234;72.09349681468014;471.937181975657;5966699.4740506485
O026;O;194230.40452970073;10502895.414428305;4.1897066444822135;1.1181870735436261;271531.94025215204;40.500285780309895;411.11761419252076;5473353.625396685
O027;O;205181.09951281606;11031617.658387346;4.370161658884565;1.684523181741601;633466.6292491874;43.18912889841055;433.562244813726;5889946.679779428
O028;O;203857.17154034768;11064952.186091077;4.460828692292896;1.0450974914748214;372186.7449351995;50.14318687861412;377.48437993987284;6188157.6477056015
O029;O;198791.76508552002;10779195.316475;5.213679006917041;4.530783576575107;136527.6104799994;95.15369273649209;513.3806938082728;5820906.611941992
O030;O;206687.47269898988;11128902.533365002;4.846480660040961;2.8162805826540707;445580.3473962732;62.29232163371344;435.0851027393715;6104069.655531992
O031;O;194555.10111297073;10447997.58175655;5.084178736217441;3.918934510351096;181435.591423388;79.41142635750892;452.7464752931372;5801060.18494156
O032;O;203836.6142262491;11060481.730081195;5.366195070504317;4.678025539879105;144078.383609371;114.72844294312493;591.7536475054812;6121374.0263393605
O033;O;209236.67232127875;11401680.676063804;5.3692889732853075;4.491762082366056;262315.5923662737;111.752831550367;675.1615472306834;6436550.051095554
O034;O;216623.1552339537;11744241.95539813;5.186166265498327;4.004502197519527;473193.3591396651;88.17041376093842;536.9074806824322;6624890.82116227
O035;O;224390.39667271785;12158696.73835932;4.949021463065081;3.790685188772157;850651.1709930344;86.03920566927741;516.4081953327453;6664797.469021908
O036;O;196655.29585929113;10542775.147709217;5.129287918534738;4.105378298615447;176304.05079679936;89.09954469813678;536.8129515890148;5939907.120116244
O037;O;226379.54897524134;12224311.385673119;4.841635031862474;3.363880834301366;1202479.2166208199;75.019453295084;502.8037426296421;6739507.0778635815
O038;O;224570.76104764352;12079601.027558288;4.591872000886161;2.3964075102824274;1462833.5225565194;58.84228212002661;492.77085214798416;6686388.644535372
O039;O;222248.72120596934;12019811.983225852;4.950887072399752;3.578274674541766;714717.0529183921;88.58854354942665;528.1042552193319;6636704.101714859
O040;O;203730.38013789497;10942406.860450624;4.941566197224803;3.741737659283246;315178.1254719893;79.88539430500043;529.7304930296056;6097004.185287881
O041;O;223920.90158354596;12088665.087823404;4.79743832685999;2.829478289628921;991022.5506387068;76.86248999654975;513.9620886618654;6657453.128074504
O042;O;179358.53289608314;9692067.015391618;3.028032242781192;0.9662636138472827;267229.71199596586;18.68140592480466;227.21943122614846;5187299.654026974
O043;O;196943.04899120078;10734177.213934863;5.274314438889708;4.673434487539647;97465.37004776912;111.33373218343193;558.8056339749546;5623859.056971423
O044;O;191195.51886557342;10343218.080848536;5.116407193734745;4.391928308477748;113059.76148424635;88.60392045542153;511.21666530339394;5465186.11532498
O045;O;203888.12586931177;10878461.552042607;4.375468581587686;1.9974192352069216;811777.3112490596;43.18474701245972;436.19694912182433;5848146.484688858
O046;O;201375.98510408707;10780790.575159807;4.815067409030003;3.964927129936353;403270.4447423963;67.36649294805805;462.50703297475394;5829652.375096557
O047;O;200388.53704495926;10946775.964093944;4.321302666759816;0.9953289549972447;260991.77929087955;48.92892369013518;368.36354883992203;6054959.523319473
O048;O;203718.1460030272;10945754.510862669;4.8931344617286365;2.669186393402753;370648.60969889676;66.42759301228331;442.07628996098913;5950394.927257602
O049;O;189849.6586368869;10131325.031515308;5.000504641125428;3.790010013134947;205174.6191127976;70.11742726578095;419.68273476771054;5775803.370357898
O050;O;185732.0947678339;9970210.852529563;5.053867699950098;4.247999915228219;113853.0183984456;79.89126053058868;488.10113720734097;5302123.6990676895
O051;O;175198.90301916283;9466311.934490677;2.9547789906910094;0.967335697669301;244809.10841274422;17.592705009627494;196.91740095839313;5119585.172166884
O052;O;186418.18256610152;10077836.101842582;4.073752119081022;1.0183857714344016;201018.67513804184;37.79432942311148;385.0914896754959;5277613.095449939
O053;O;197107.70594461056;10537747.460977318;4.3227741253973875;1.4689919672865759;513293.03546468134;41.00030107269893;428.7843553345762;5691538.7353678085
O054;O;198616.81785612693;10621920.25565188;4.803078942675995;3.7246235082852563;326635.6651336001;73.39574201520036;471.0322421175953;5771507.680515753
O055;O;196314.15350435648;10696359.518958114;5.286771332330448;4.807005172053132;103279.90511357864;104.43672846587401;529.9965429368348;5766423.763264276
O056;O;205139.91324889695;11061676.12169667;4.817622391725328;3.259369083318879;334747.5068648699;72.72393110707776;475.6347425786889;5892032.845653604
O057;O;181131.29762104026;9651218.753168916;5.097185483258998;4.44432199714011;107858.56678597571;81.89628692746625;430.39509170863533;5454965.240981806
O058;O;222099.29922496522;12257231.374686511;4.2734918136542115;0.9864599442763478;589798.87013882;52.920733558563356;417.14781641928266;6627047.991240981
O059;O;223386.4763912635;12395647.024674976;5.384708546210938;4.967678975215328;241849.68792766132;117.70614070006087;617.8142944328106;6606028.265780508
O060;O;231497.87490330075;12768698.666439986;5.30943978965844;4.91898424768346;450849.29829493345;115.02101657025129;580.1680320954148;6810849.573821631
O061;O;226153.63317353293;12475484.734905383;5.284024819004512;4.860776647090819;406245.5193270927;104.4379596246198;570.3290566621316;6608382.704484912
O062;O;226373.95490509862;12548956.498120425;4.351325800323941;0.9917041590887676;658809.6819172204;53.82426880242608;443.54886481113243;6643623.312393941
O063;O;233101.69558716376;12878186.003818799;5.31766972704626;4.865751362283501;423265.9692269732;117.86373491631277;602.0651135144884;6834303.011831526
O064;O;233643.0657975972;12777102.82473025;4.913785520876732;1.6633077276424488;1096203.2919619845;74.57590193369984;517.7850109137926;6851569.256003224
O065;O;246766.6612812916;13754787.267018475;5.292050844040597;4.703903615702033;887796.2524453804;109.35182510008407;606.7369360462718;7492996.81803324
O066;O;235781.04182763823;13206419.345945116;5.423643560142601;4.880085745113696;419573.4666437018;115.58297847589805;626.9343275032322;7200368.029700361
O067;O;244876.20007769234;13448810.134798944;5.21079188656365;3.9458761920893126;1254391.8659755762;97.7826362376239;531.0487129951797;7349508.0811482
O068;O;234855.48350827704;12969838.849721313;5.286985168082814;4.782331900190609;621490.0992091767;109.30648797506383;570.1185803912966;6858658.70104128
O069;O;227578.85474336005;12578280.746054733;5.241512511740346;4.63745657579294;430570.42485696555;105.5664527798319;596.4039269003198;6565949.853687971
O070;O;220581.62677000056;12222011.786376087;4.228903039173941;0.9859123127195395;570993.4958703708;50.80356080048837;410.5683389267406;6541899.743154493
O071;O;222377.34700888928;12381057.576045793;5.423320866240039;5.023050786279817;232710.98812574457;119.97176989991486;620.2337559769145;6628017.650878195
O072;O;237063.30328275706;13146754.62365948;5.177763580093223;4.479086260037127;827606.419440848;94.13975886034714;561.2160483602041;7265903.316006957
O073;O;222613.8239971117;12382525.40927665;5.295888324504245;4.691951548133009;288632.2490758974;104.77829995240687;587.0145869136148;6448681.173888297
O074;O;218749.45028968787;12095163.859264197;4.181231955718173;0.9855792380101076;538907.3151163713;50.646564094735375;419.432062724805;6420758.060563561
O075;O;224116.73058628393;12436847.411521098;5.399834834204654;5.043796566118488;265430.53812260734;118.87175990791133;618.2442274429411;6638152.713758756
O076;O;228816.49037377036;12547358.063671317;4.88059766107544;1.4139323105463493;802729.7670544733;72.84107807659862;513.5226735554837;6737997.677018525
O077;O;236660.7246685872;13131875.794651289;5.222651839077035;4.612798810709438;691414.7057697398;101.93443230870656;576.6161215475137;7179411.05764621
O078;O;230983.22162155173;12876859.193762332;4.79378875732895;1.260256869466903;716030.3526193767;59.48186765941501;452.1429627954181;7082897.082612727
O079;O;223428.34343387597;12425028.313370101;5.347217411754112;4.740447098803396;297613.29436251184;101.94982043637958;575.3221775385774;6780868.372384011
O080;O;237957.51633497226;13099458.74301241;5.189411699642498;4.363276585574364;880369.0679179732;100.08502198383721;556.477406261015;7126104.325716472
O081;O;227927.8319397796;12592007.010356456;5.3188122814232495;4.891198986737156;431917.7567262064;111.07303947799998;574.0015798335735;6737522.733442299
O082;O;221890.36548239796;12266550.553830724;5.274513871856847;4.800113972886941;353109.37273165624;99.49764504281188;576.2719605553172;6485682.632659955
O083;O;218199.49886675744;12187279.87907871;4.022302542654766;0.9741921952314261;456405.5191472697;47.170379853884825;407.41996091618597;6365518.782119426
O084;O;216724.48951587424;12040275.671405466;5.4098278920623395;4.990068707085786;185288.7750788619;114.04704186796762;611.1633069355889;6456004.575531912
O085;O;224680.94338069804;12451275.940914312;5.293675632634108;4.676749213835555;278722.766271463;120.00206100744501;616.1124289727118;6502513.557835111
O086;O;225382.88597537737;12382636.95629478;4.856858620103312;1.2733296254780913;647182.6929762862;70.95565582497171;503.9562812277581;6574267.388638599
O087;O;233775.30504082024;12997386.813794427;5.265005635712078;4.665250480496154;547738.5083999409;104.4472896725004;573.7050483866682;7062867.089653469
O088;O;233314.4396287633;12879266.390551867;5.17863054148325;4.214624393881784;697529.4408723537;98.88956297428174;561.6499131586863;6939747.861240066
O089;O;225457.81130748772;12536489.473753378;5.342515548406507;4.924414237275702;319083.89957682934;113.45129810142537;592.7987377290359;6603062.526647742
O090;O;220161.0831857388;12241568.43391643;5.3574488462356795;4.990348656540949;242219.78701775704;116.90066078332508;606.1546338938109;6386263.2066036705
O091;O;208248.48270169244;11287213.074848143;5.279633472368313;4.500303140850907;213311.69054589522;105.72449522779493;563.2692834101783;6256927.510884844
O092;O;219440.28861109688;11954932.191691;5.206226456148976;4.255195879969548;403564.38187492214;100.36865363164682;549.6583117738073;6608979.729197093
O093;O;224236.24029964113;12228004.700749582;5.181621623287235;4.010883399068518;505808.8914731842;97.37030400983085;547.727304160341;6709978.40145974
O094;O;231718.4785109899;12571615.371129187;4.52404763442231;2.3478787553985034;1682838.289648921;61.12829417615366;497.9612027741623;6805979.23773801
O095;O;228641.462122923;12439718.408566466;4.910976675915813;3.5439513480352445;888083.5075104338;88.82160625825271;516.0717458326553;6707773.833830948
O096;O;205988.33426481392;11074798.467659406;4.508756402928898;1.3375125249185267;475101.1210493639;55.16363752210932;474.48866832627505;6164131.311320498
O097;O;196614.41375531492;10483663.08111172;5.096242287428399;4.100676281448644;199390.6735297264;89.64017738544844;519.1193672802423;5934016.198681093
O098;O;195911.29513723;10485184.882500153;4.423706453318024;1.0577744993615836;361102.26356250007;47.0799923036893;385.2786395244375;6108563.309171999
O099;O;220390.58133115567;11973749.262516895;5.130214030126978;2.5390954086371074;493229.67589446687;87.21301450202708;511.3177253564161;6650838.69012289
O100;O;233678.65028120132;12702331.259576665;4.8898442796269315;3.0942689132710908;1238295.4407212476;86.09261215205935;508.9316587567528;6859559.031383027
N001;N;146014.2396984041;7300243.063397222;4.59096373728413;3.599143674578799;198199.3697816946;46.415986259549264;227.7447021634766;4856331.574681289
N002;N;166249.533718493;8535359.917788913;4.640731286715829;4.032730618906389;408325.86216215737;53.428999855028536;239.57234094476436;5629175.8757029455
N003;N;163560.75425560682;8484355.64438847;4.755296882328147;3.713477247753899;175821.63226686534;52.958875640729616;275.2750430088057;5500539.108950994
N004;N;159275.40739450307;8305957.0423155455;4.459617924763578;2.3010666566254874;205030.1995883223;37.05261857343686;222.02371222615082;5326297.577592472
N005;N;252292.73891631854;13894060.19503782;5.158424753997489;4.274756316598309;3454327.6658473606;83.6054934109778;437.7047171891634;7941826.974119672
N006;N;157741.63023291994;8107867.440093859;4.625237089391494;3.8902070862405935;252978.01291444863;46.653812331754146;230.80700993219685;5215528.541629754
N007;N;149251.56078228774;7734512.1920396285;4.581747949432828;3.862300156765676;135408.6997126141;47.48369808750995;224.9492317932672;5083771.037399998
N008;N;140592.26978452492;7184492.118683332;4.015157517187997;1.3774631690866443;142242.54614889887;22.86164537533172;167.17625617240594;4786115.578312276
N009;N;180319.92443441972;9499879.525747947;4.620797956343296;3.1652373206122526;443569.5399730709;48.033682510562166;253.22568254029167;5923536.744117738
N010;N;150210.727587373;7735623.909657394;4.802217804908336;3.9795268564310704;74721.9904444246;57.30024506323808;281.92541487397386;4876387.807428476
N011;N;121111.99730294924;6108528.881061551;4.749693055578737;3.972715417954565;17781.810622559362;53.75164942866188;266.1897785597966;4123581.388947448
N012;N;166174.37873191066;8554479.483662914;4.698994144740482;3.9981161572377943;304898.0665881355;53.89164209911752;252.80107204958858;5439770.99364606
N013;N;126749.57611644568;6253965.161470865;4.386101114194009;2.737099236228028;87413.13858646958;32.16616531435217;188.72996762041797;4321830.59810024
N014;N;148688.354614875;7613581.595818049;3.5455510756691666;1.001358609789031;220190.12186947902;20.085684139055065;153.03633028731542;4838182.456367075
N015;N;211760.53996357697;11500023.379064409;5.049950105380939;4.210538449233537;595791.3686306574;73.13834454649634;381.09392765816466;6851133.029709623
N016;N;146118.89021824658;7361368.542422055;4.402813997869046;2.1152261866277016;171773.14716495245;36.49259850430582;210.9586315949267;4888786.789550173
N017;N;215122.92723974105;11724996.956114378;4.755551428805067;1.4779271616915786;817685.9854101631;53.30699562735239;338.0727795107625;6907158.265408395
N018;N;141549.3045603097;7152052.606895025;4.508267554292396;1.6174773676413345;92196.05853956964;41.41008156059045;249.46983886497185;4735470.5450816015
N019;N;157103.03597177894;8111474.416589941;4.366447783904752;2.8391956718116877;313798.7008453607;32.41851201330893;190.61816054557443;5382367.537572502
N020;N;136485.3525842152;6868306.851879416;4.1259754360950005;1.169297374334796;135839.92588137172;27.794994330848446;196.2735975530384;4748164.390107796
N021;N;158629.6618499641;8143975.867895916;4.677261193924045;3.8985017785529195;206269.7056735672;52.80803628758913;248.06840931575908;5315302.344291615
N022;N;149617.5557348345;7533497.127388737;4.567869087687827;3.4598164508661977;218631.25122178902;44.695454440069575;226.25261949932437;4898289.487335544
N023;N;129773.08638404805;6725643.598426814;4.599549982267687;3.5408996616605575;25877.2863411126;43.03838048198851;243.53359133497355;4386423.660434108
N024;N;188108.86011357643;10022999.245191164;4.7844100769357265;3.9208545793844616;448986.4747073003;54.871068392589024;279.36218386777495;6154576.514265001
N025;N;137442.62845954066;6839866.130960204;4.559386586151105;3.499395477319758;139292.5078536704;47.311587002586506;240.82595146912493;4720832.223166026
N026;N;111803.91410411843;5504225.166190324;4.388235352251411;2.6950020473714256;31319.91870544241;33.755455668009965;191.52901586474331;3907523.251557094
N027;N;129597.15890559007;6476447.67182411;4.771614321746806;4.170158387803735;35703.2847407669;57.879224259481994;271.090117757649;4330048.172903807
N028;N;102262.08178811759;4998603.3119534375;4.608975681993417;3.6993553085341597;11514.60651815663;43.62159627212055;235.81365704799256;3600315.2333354624
N029;N;155040.22501614512;8030681.216418837;4.30228476819672;2.7042998317672935;289129.3763792282;30.4018826086925;180.02712733474797;5300366.014921663
N030;N;153390.11578695982;7897582.6036003465;4.277550171702543;2.3284228078025007;261358.36053180412;29.503875818585573;183.54399858911196;5204546.914462187
N031;N;128093.92302900797;6162487.105454345;4.6237457137056435;4.216609300127577;113631.73449886304;61.895785297678565;260.87073634619117;4347925.671065836
N032;N;142682.03534822425;7280867.342063517;4.1459885430854;1.2603022631336012;138179.21137985593;28.236701876464885;183.39171389211648;4754172.907268183
N033;N;154737.4058656646;8011375.071288696;4.392430091577914;3.6423083045586195;365807.59817335504;37.74197056704489;181.43738978954823;5399844.806843166
N034;N;148006.80979045675;7453417.133337977;4.432692515326296;3.522045083575395;304684.9501062306;40.07002657732097;190.32306180786802;5011939.591251656
N035;N;139560.389760235;7026414.783958903;4.2103898725191025;1.3827472979103395;184361.13635092924;30.79171190160807;195.57012970838815;4823164.467919351
N036;N;131086.1982900734;6360175.397269143;4.431288896936142;3.85470621393467;251448.2713912691;45.09915325479931;188.36887269424014;4566495.7973960275
N037;N;171573.81980311027;9026480.302236954;4.688228585450008;3.4238170637222254;236232.7520242612;49.0097996065004;263.67713122588646;5621257.525451971
N038;N;159123.55790708816;8340537.9510066025;4.372740952249774;2.2909902910494577;186907.11943714097;32.40903991819819;208.75159954233735;5356821.281505985
N039;N;189647.50324756678;10113966.760987801;4.903626001611316;4.028116474959421;341446.0637440154;62.82023494464941;320.29085146857545;6103646.734208725
N040;N;155230.51202039976;7968273.755282861;4.536751888367804;3.6934399466340273;261827.1879128925;42.7424510107823;210.54770058390937;5375063.657457382
N041;N;127569.73592272469;6563719.248351949;4.5502095740995685;3.4869804077306146;31228.52290193815;40.801058301466206;223.8385886638739;4358385.317360219
N042;N;188073.25883199042;9989699.534847554;4.749966458639641;3.8547874336204306;540928.9627936801;52.59230305316053;269.61221453810987;6179277.947892828
N043;N;189908.7587361347;10091975.540170789;4.85296373208249;3.9379507663510815;428114.13384214265;60.05943651881037;304.79650408907406;6109133.340511148
N044;N;155026.4220983837;8024347.907947743;4.680706119533445;3.8261419420607203;139852.05262258457;48.35535718286342;247.44718203655586;5216619.281344674
N045;N;140724.17173483243;7035941.630918768;4.011701406133903;1.139324288625846;240166.1136739212;26.26865951197357;176.21070850199388;4711273.969839981
N046;N;130018.4852924784;6686100.270652628;4.483290037197868;3.368339844382665;39867.94357338848;38.04144741777507;215.57758691090444;4432103.50444334
N047;N;187525.1024503579;9957353.330797479;4.756635629697616;3.9200979940696565;467974.3116679839;57.00265195368456;279.25276143629094;6081612.48372365
N048;N;217464.58993188883;11919041.838196034;5.303487323854762;4.644861895628179;328768.09625713114;100.72949039199774;518.4630102553324;6746827.229370366
N049;N;164080.43083840105;8537110.689322915;4.037075947317076;1.0448348991533247;252788.43195978593;30.09478510431683;208.82737608215484;5364450.731102976
N050;N;221116.0152057797;12043502.381360767;4.9279125804251205;3.7694170247286345;1238417.2179860515;63.46326483034963;355.71111816800226;7173406.837803309
N051;N;178815.355726626;9339873.248529218;4.672083389147305;3.87910883825183;538474.1015883667;51.89192596278015;248.75725200538747;5866911.204596004
N052;N;225779.4215398482;12383775.357856903;5.269958283363732;4.585877705401705;609199.6183217564;96.53926825763178;488.74151064714204;7102163.799100945
N053;N;161879.9268991881;8351435.631214033;4.460321402864331;2.5137062600237097;365204.6547737655;37.07317651420415;207.70628146093006;5475016.970389722
N054;N;161851.80245659582;8365703.739407019;4.572141788694306;3.703309611542441;303256.0214384482;43.7355959938437;222.58105759384767;5466348.604398806
N055;N;134077.4712133979;6655547.09331165;4.557464966065165;3.0851163700814186;109916.37497638038;41.28813480829948;242.55993367307195;4635495.992364865
N056;N;210477.8970078239;11421317.059306579;5.039724976377809;4.229145716089283;567027.5743156007;73.52928045457948;379.21020685331155;6735135.96831667
N057;N;108631.17971445408;5375068.042567124;4.611811457017287;3.1813994644867805;13417.752750254747;43.795736292296446;244.2567879135807;3815685.3145003053
N058;N;147725.41557598722;7466988.377160642;4.2682087715919055;1.8476371767359963;310882.63572232093;30.13456971294589;180.29972979329864;4887293.106693843
N059;N;110864.52367837854;5531067.793389036;4.621101075213841;3.0174117220361385;12111.17345487391;42.29556691983457;248.6811140141255;3872874.041135649
N060;N;185894.22327354894;9809964.060906056;4.798660465726738;3.9803639232093113;462168.6648982665;60.17696946130994;287.29187880671117;5977015.642073235
N061;N;146183.36078803224;7525789.032978001;4.883038318856643;4.175552625738571;43885.40022484844;68.49498500501389;309.9769284558226;4723777.017522445
N062;N;153309.00880662433;8042319.095165832;4.726725136225542;3.0147141549908585;66033.59834675715;50.884109749084026;283.47476011855895;5010482.092575006
N063;N;149834.76307034199;7728776.710285381;4.722149654098566;2.646033882443458;72980.27807509287;51.57751294311263;282.55954224400585;4876350.475838457
N064;N;143753.9245261271;7174023.509456732;4.643493819873555;4.026315049139358;163607.32385643705;52.10735301444164;235.8567588647924;4684564.25362143
N065;N;150650.6211418534;7659428.610551066;4.61827517206385;3.3109603133633314;138677.37236807198;45.957093217678384;244.42611698278665;4992201.067778821
N066;N;124235.86694871752;5854636.75531093;4.380485724095092;3.834341006569071;471016.437110316;39.64074274373007;170.89038879097492;4413357.132002832
N067;N;134631.54547853922;6953931.0012994595;4.566186691220289;3.244259210574267;38783.56537896707;41.816620748006514;236.51277468238004;4520759.379853828
N068;N;209563.30574274083;11361564.775442513;4.7829101575777395;2.831538976981629;870683.5522229975;52.70994323894174;311.64435893829415;6898456.6122474605
N069;N;151121.70693693197;7636951.359637701;4.7898125533773825;4.27197863773817;126667.36227370794;58.351119010190274;273.00587368487953;4884425.310660751
N070;N;168922.73663453106;8750333.884943966;4.717675186715321;2.3070406758365425;239410.82774450464;50.097622555165295;278.15195935161205;5389328.912836064
N071;N;184496.55391778686;9726865.374853564;4.630601805246425;3.607125885349161;716255.4937685656;45.596439614932244;245.41854634712263;6079863.832999155
N072;N;140348.43989711913;6937741.277138603;4.6627037900459865;4.130452977380689;145252.49370134276;53.594761187065075;239.5537605287481;4711499.142105812
N073;N;152867.51169321;7848156.558329229;4.678789916261995;3.2142241977918915;120367.53516521049;46.88326519639964;258.739575053767;5062187.251615142
N074;N;116402.83928843748;5880467.405277961;4.696793845089878;3.828757045259336;13536.19899683326;49.315729318028325;256.7444235976853;3925340.153455019
N075;N;160063.08592925596;8305103.828327819;4.562967301349493;2.572943313039077;208531.52225886824;42.2667899621853;233.87614068095286;5483471.123289964
N076;N;155887.76064042898;8096824.040683652;4.352920914097472;1.9367167549485873;199973.5710913927;33.06682493827164;203.20402228542292;5197736.946862663
N077;N;214818.07273955172;11703846.632919831;4.452602983712086;1.0795142118414573;889585.1373045077;46.5283922380131;315.8089584020525;6811900.38146448
N078;N;189385.48833252158;10094132.010035392;4.794053150926312;3.7312477254234153;466001.19445767236;56.278147729737874;294.78739032664157;6124443.8460121015
N079;N;186439.52305169514;9786684.43918031;4.806929860690433;4.184888595458398;604800.3948752641;60.04182686698094;291.0703036808818;6074654.91751998
N080;N;217059.62676696488;11885739.323870497;4.463252053050304;1.1951894383456079;1122240.6675280554;42.99959159629164;293.00693006897546;6964276.597703064
N081;N;131639.27823271716;6755029.255800417;4.408382808523847;2.585030785402345;47414.904075939856;34.78852711705564;207.89704594834672;4463624.1831705915
N082;N;158936.9922910636;8297200.910527292;4.508057637821691;2.0449099286864354;165606.4429086374;38.629700379392055;236.03235262330813;5411632.003653856
N083;N;100559.40862254315;4843634.434332063;1.9418139156386827;0.9653080426187446;182705.2538420947;3.290203573223013;37.03886076909038;3638744.8335525845
N084;N;157838.08018735787;8150293.787807994;4.8312896835460775;4.28363911306673;114843.5511558619;58.47373927375588;288.91351427802675;5132158.312412475
N085;N;213284.02941100107;11644668.996193096;5.214292558904669;4.414221917110573;382115.1205508213;87.1167997032486;453.95523515780775;6782600.235264922
N086;N;154876.5226945555;8024995.114417633;4.785156058540379;2.7838380320942897;78330.37514305838;55.41699543234055;295.96318278163943;5057218.001680884
N087;N;121198.58922447129;5874490.238425333;4.432203445029833;2.15995413771461;62448.30676843912;35.78213059158401;207.4529802737356;4051921.6155433627
N088;N;145117.6037794144;7395670.903150626;4.763852793903606;3.6670323563181846;66579.62217734595;54.59391862520865;277.9649718359715;4698105.021485778
N089;N;121290.51535459985;5779909.738776497;4.020985686915413;2.3034645263562594;468055.94907356513;23.01238996714497;128.95493400377123;4353997.519135048
N090;N;139744.60758714596;7216841.23748765;4.621408665221589;3.33302209261984;52212.32291347554;43.57348373801047;241.6544479935908;4683129.844877489
N091;N;237021.1403377964;12968012.763596874;5.166004198276231;4.437719280732699;1551262.658536323;84.62387606233419;437.02616743384345;7413992.644240164
N092;N;209933.95237928827;11397225.790339664;4.782887504047862;2.7159720465810566;848542.8033798467;51.3154646964104;315.8224196271849;6829054.589470999
N093;N;106973.87362502413;5164298.167266839;4.457260098875909;3.4252765536431173;29701.137136108366;37.239285918456844;196.57949595630453;3798407.0370325376
N094;N;182244.93790002575;9497481.334349612;4.749986964725484;4.163962628409607;713875.8032523574;56.218277760502566;272.7880414104887;6014051.5847248575
N095;N;159914.8774379598;8297011.093704035;4.443755829567312;3.650934995445067;368655.9429385431;43.83196771729543;197.23953438385735;5532214.075715456
N096;N;222429.83125865547;12216752.474330086;5.172833145560173;4.306995697040371;636093.7234776313;82.83266799514537;441.9084793066645;7039061.225488792
N097;N;94870.31905084554;4528657.417119168;1.9473823298051693;0.9643540886768203;184765.9099660235;3.265423100210101;37.4489188545627;3471094.5183991194
N098;N;190110.10867685248;10185084.91342473;4.691823560328704;2.7061080677294798;443145.40286967764;50.399288421882844;278.04590314558476;6232702.178300673
N099;N;137961.5043932337;6817417.519753918;4.417723090410527;3.6552540648653653;263530.73993329133;44.628607136506396;187.64369392209477;4775085.366210734
N100;N;152877.80952310943;7869126.619012533;4.551943249182746;3.5802711134857876;175608.43154243886;41.58350442641193;219.15607902756167;5200268.688464988
F001;F;132868.08304892908;6792455.229829715;4.119886683207697;1.2958910730846587;60648.64556513742;27.743203033082406;188.21057036162307;4557363.773037372
F002;F;195874.68896085475;10219900.28073144;4.4836445059327446;3.36329213106825;3023431.8545429143;37.582087459978865;206.76837302648906;6207000.608924759
F003;F;187928.56834245595;9833118.66109551;4.696950366548568;2.7567407467286973;567743.1527305886;55.70440818677457;306.7127906539845;5859518.981696256
F004;F;141542.79946764463;7177977.812392916;4.234591908427117;1.2933238088878065;134881.16602433193;32.948186747178895;201.16255679168336;4800124.9161526505
F005;F;221202.57097111648;11986232.000386618;5.068936050205878;4.251499572677076;1064086.5876597138;81.08855619993578;389.7359364688038;6974247.942628264
F006;F;115816.30279660686;5742940.329350184;3.6303495566488717;1.0431106146822198;45359.26419027342;20.737929785872385;172.318961479889;3963011.204729919
F007;F;177200.90690385242;9427023.861195559;4.776566845483752;1.6280927600706787;148808.0386346106;55.014874934505514;324.64696751838915;5711483.402578955
F008;F;174521.1268816806;8804160.504634123;4.566223583065028;3.655351731685403;1523571.2643531328;42.31690306306189;217.52201904769552;5635822.164494885
F009;F;256702.051432453;13582654.465371752;4.586410446092294;3.8445415734298116;94361539.53446409;51.88331860118839;234.80572041723298;8508347.3842291
F010;F;202389.11810984203;10658728.740846837;4.49799229376841;3.520477877050938;3457361.0763478437;38.92216252706858;206.16710933664203;6451980.288678679
F011;F;151370.30403658753;7642883.289414061;4.175597833086173;2.252588124102292;250317.4990114386;38.974495039459725;216.39971571940546;5069275.3176421
F012;F;156098.07695677422;8049874.030892645;4.810821901835931;4.156911277709073;98438.50513740745;67.34538942144057;290.67014790163296;5025646.748936907
F013;F;131519.91466791485;6638752.454884106;4.668774080647055;2.118739369781994;33041.398876474785;50.102512599609206;275.77677746566536;4334101.913043351
F014;F;128611.4841539737;6388410.014073881;4.573527633746531;2.5254642184159395;51891.58536290052;47.39287414458563;255.898772923783;4344404.000072829
F015;F;121615.39506184937;5966688.69276061;4.322624552398434;1.8855462988985332;52089.56631689652;34.97594881104577;227.2444186322473;4143106.445551587
F016;F;189835.54235366842;10147132.660540083;5.020375118930488;4.277555972265119;224299.2718796733;80.53300392876174;369.65724768246923;6094718.869263153
F017;F;117679.1413776557;5535577.200450192;4.63246707002682;4.177225449023835;71129.0980277577;61.039511117107224;274.98581616911736;3911973.886542191
F018;F;186016.43703234676;9703721.399252627;4.901464155756074;4.399638298789608;394648.507856878;76.3747760678151;355.29091481862986;6009415.453945722
F019;F;148379.21334548751;7575949.814984646;4.409103434497181;1.3419038390274105;80761.64323628946;43.67601313792776;268.386459414976;4757828.493988212
F020;F;137931.99287441987;6913550.228468792;4.563063839413086;3.415840176063091;96972.81807231277;41.120212807699716;224.71169814554196;4628880.974037435
F021;F;252588.6706921733;13867162.852732407;4.97192715588862;3.74636198846407;5414034.990908524;63.20817617216098;357.8177632818558;7907322.905995023
F022;F;179914.19773169953;9391132.038627822;4.678811232478619;2.878922810301907;410869.237384159;55.043372318544506;289.4576473599331;5702514.714700436
F023;F;178546.52644009466;9205661.825288093;4.793247676510696;4.253045419056779;432300.58684913465;65.0509905013417;340.5953129049289;5807918.773351113
F024;F;200633.87177747127;10656512.562195968;4.91620137403724;4.246161043827978;737014.6971452053;69.95908892934449;323.91558435998104;6579901.0972631965
F025;F;195898.154440676;10321701.73378063;4.788650074323415;4.126550855796876;1017435.159104361;62.686357512770265;276.9503687600142;6480058.93691321
F026;F;124363.10743730616;6303055.049873499;4.874563163121776;4.05121214756988;13457.74269876754;65.75018289468312;313.5808524207719;4123999.440434644
F027;F;166680.58154754064;8809212.452825308;4.237262281675319;2.153772589216875;444423.4092384042;29.49466467051144;181.8217207714028;5833550.077177034
F028;F;151666.35602443793;7792077.632024544;4.303476342602594;1.3878242433440127;146394.26170516133;36.85818339726275;229.87730325542634;5066348.05686822
F029;F;176959.86001202502;9060971.083711272;4.49171954452244;3.3757904378122077;1245918.4267303334;38.33207875337741;211.93202929015456;5636424.475447058
F030;F;212153.30264471058;11205121.826892445;4.577986887584132;3.1284399489325625;3914456.018472726;43.60838598928466;237.6455651997309;6772810.794344693
F031;F;236362.89531140018;12982738.365912195;5.216100765581073;4.510388889224095;1301023.8355287965;95.24393336440298;455.1301019493484;7434254.288691978
F032;F;209606.5979131445;11296318.036426762;4.812176635977538;3.2023352231173448;940747.7758221395;50.62061052898518;317.8168707690718;6544912.647114687
F033;F;151612.5755454394;7666975.750736424;4.760687340108111;4.029325495630181;115763.31361025978;60.22773143086677;284.0542037253808;4945589.219278353
F034;F;128183.15724848448;6438025.375481388;4.842005555678983;4.327845910696135;22872.47484516325;67.1045096958904;301.8949915880037;4263841.173941606
F035;F;120621.09480954484;5675737.454396893;4.580052957707014;3.9325372964769185;105616.86360683682;55.05690124822111;272.12148493930874;4049538.409790301
F036;F;122639.2237272343;5901691.154411636;4.6259637198971015;3.987631758722159;80307.38246801951;47.34540737357067;255.15980565843486;4093609.9633884537
F037;F;175768.77335408374;9264825.430583643;4.741425009427609;2.8789316420764917;222550.9803657458;51.812520352315374;344.6600099327541;5685750.266963297
F038;F;165044.49917899066;8452203.425004542;4.743162646371479;3.982681158066692;271205.73255132016;51.91096596437087;260.1983729634783;5398137.021532286
F039;F;140779.59179585121;6992907.44865436;4.4266504053610305;3.589211283269289;297562.5748047016;40.76584987552539;187.08240730478636;4916114.063266538
F040;F;150761.01999819712;7853831.884709667;4.920330093162814;3.9246520244575205;43432.19307374128;64.12865691156927;331.2254327740228;4721946.357690378
F041;F;149522.2222703496;7428868.949885695;4.489523525359301;3.849948572110734;536699.7748375924;41.17999071239171;190.87244427112205;5111043.169214012
F042;F;137077.99077333132;7000781.059399822;4.70050835759073;2.764677816215513;37055.286952785515;47.45595357630755;272.3801801468864;4415615.888350331
F043;F;173710.83325733207;8930950.900434388;4.643326395230296;3.5968118855830795;465994.73802501766;52.83003038584924;331.85960237638835;5710082.425650031
F044;F;165437.40242185167;8600316.46673036;3.8024067563805444;1.032206080754843;506259.4862424983;24.260867918140306;178.0091467948192;5433177.212817605
F045;F;180207.3475414521;9579183.560657198;4.94802712661513;3.9284627388980446;173647.02518057227;63.73696813341073;345.97599708967357;5769087.483741161
F046;F;181620.77677819188;9654053.671538053;4.799050408158227;2.753350835185072;213017.9804152499;54.096169595773794;350.30719603925763;5735914.615487394
F047;F;191105.92395222568;10203014.964985846;4.446317765806675;1.223086158898741;519953.7176318403;41.73014613613593;262.48178640211256;6231037.6465867255
F048;F;194172.08496107347;10354048.298816059;4.910015663071709;4.149956293697912;425394.8982918554;65.87761522526554;320.7922722951413;6342176.072722177
F049;F;149312.3457616482;7612072.846787239;4.7252656958743655;3.683719296266764;100945.24154897244;48.24086785539844;267.27756372862797;4864675.372828446
F050;F;141867.90132678548;7064187.676426426;4.389056300967626;3.693469525073859;325068.754972612;37.82619046028724;177.08988736376844;4793204.975304714
F051;F;192600.00279756635;10109746.100885367;4.889488801371567;3.651261899162023;534008.7524574242;68.28884361016141;353.43751176434426;5912256.560709404
F052;F;138027.1114468436;6934739.533493572;4.566128285562892;3.221932435777193;104120.82848972752;43.782890280819466;224.92742855704734;4684390.458218593
F053;F;136879.62380062402;6906702.609912516;4.506398320881723;3.6955090220897;115535.97946780155;42.20862500516154;203.1940955281691;4758817.940879442
F054;F;180961.9966790747;9346727.45228982;4.796326828647466;4.09297881421484;496676.7092402207;62.8355085426763;333.62986257630496;5895252.909132365
F055;F;176021.23720939033;9172947.569130478;4.833623584322544;4.057826642188017;298938.74951431033;64.40717820581709;295.4109033677511;5547200.4871639535
F056;F;165317.17255083445;8661947.89487655;4.884875230357388;3.423146424131722;93966.18884638138;67.01785649396226;337.0270977587757;5230915.884023027
F057;F;128526.45315009229;6321671.550264179;4.2089968483961515;2.466296169564404;202515.43325237551;28.630455275031657;159.33149143156365;4541887.571324818
F058;F;128171.03780202137;6312880.31770791;4.687448325186014;4.185748790746837;54702.81304442115;61.260114595908455;281.9996182792299;4376943.210238793
F059;F;141091.8403763529;7058052.240065177;4.65789496906718;4.012271717498638;119394.45690654125;52.79793224408992;237.9125843320751;4697410.543113981
F060;F;272770.62470007554;14895176.25752601;4.720676694515675;3.8049627051815356;44678931.6573832;50.991637188829564;262.1054148323182;8677340.79802306
F061;F;206953.22760391585;11082719.770988092;4.723717433273378;3.740457322189462;1428985.9327655267;51.63326860322072;269.04678407818494;6698011.107748661
F062;F;142315.68194918107;7078476.593506132;4.480511254850327;3.8014175360164217;270051.3077204687;41.12931588186595;194.60805506860132;4800557.622981881
F063;F;158312.1374319324;8159524.84351293;4.7557668937862285;3.6893302470566183;141687.18490024642;50.29574847389897;275.59184103843006;4896319.998167877
F064;F;185178.27137651644;9773820.702098617;4.736683145659674;3.6747783015140087;492355.72443135135;50.85374909967609;278.49224891067473;5800072.760485664
F065;F;193804.81302574428;10341649.84206007;5.013626991692268;4.331370748174786;295740.311935602;71.32577410740512;381.06895326688635;6168293.558306783
F066;F;143476.84737887193;7194325.4979627235;4.384782605790452;2.687069190517063;158618.88789585186;49.75072602660984;233.8614292521586;4762578.982430113
F067;F;146294.30218463734;7373876.784032464;4.565345067746164;3.527681533929908;175817.59985108543;44.8335918314586;221.7946503035915;4862931.288536795
F068;F;134182.34526870004;6702062.853900843;4.34803868035338;1.476292781786591;99196.02174283145;38.14772633814819;231.84968331037933;4574449.143211332
F069;F;123150.08033398965;6144727.722187817;3.692162473645389;1.0193926731131642;73974.6198869445;20.842789664860394;158.0977553114066;4069271.960383899
F070;F;223002.17452138904;12037588.924664212;4.995518844821666;3.9730606861817823;1823463.381041909;72.56552636488736;387.20015521895357;6788728.5310940305
F071;F;120912.71135668289;6011222.773047424;4.6617683304991635;3.604377483506023;25276.479755893084;50.64663859962729;267.3684256075632;4114711.922789002
F072;F;152487.98526641738;7953663.270963754;4.896873253596741;3.695857741025712;48401.54561893781;59.71308074033311;325.83875381151694;4947752.842439112
F073;F;224640.16163641514;11952173.232792534;4.589362471082028;3.8652581161456236;9188285.782824488;44.59840549994084;219.57070321915825;7367057.930568001
F074;F;202502.7410476894;10813086.856666509;5.0298303608275;4.431363764479307;503995.06758459087;78.86764083200296;369.7522960166879;6485885.633616435
F075;F;119560.16735119003;5903200.242652477;3.9071830571217143;1.122609826836221;39353.44827336862;27.080452779152452;210.01902547181172;4075487.4685216793
F076;F;244784.74422379077;13125249.534105914;4.690516429980487;3.5271338313659633;15338508.189059842;50.995417434986905;261.7848051268769;7784338.608056637
F077;F;192131.14235614863;10261806.091058021;4.875263636472321;2.1902552573618155;302348.3254244221;60.63523386415568;360.1299961203602;6081565.773488902
F078;F;182254.33304297656;9685956.424349902;5.001510003256279;4.255243541802576;161721.19857521387;70.73141087938693;385.14820991854594;5763870.8566594
F079;F;143780.24691991627;7387265.687641957;3.962685282071238;1.591286270789043;305964.0583507759;22.29748631195371;142.11111730187267;5098587.99584034
F080;F;179578.1174834548;9505563.522851054;4.951091745478036;4.315733231928585;175232.22001523545;71.04061466208545;381.46088522008034;5791099.8471960155
F081;F;129135.86782311207;6533210.819833375;4.195913444381032;1.3786793125387824;34133.08801708498;36.53117298019664;253.31874274618363;4322217.86203879
F082;F;160517.04706521909;8211942.382220364;4.096839090814735;2.347392971918249;526362.8015693048;32.243805507703904;184.87530452842608;5344701.687319891
F083;F;120455.89630341849;6001770.01482911;3.562332160896973;1.0244569390919767;59692.77084300895;18.54300889948254;161.85999142280986;4176848.84281779
F084;F;163575.8642298748;8474304.58643811;4.784655430929702;3.8255360414716986;167431.97322147767;54.06421127940556;280.09565757988;5280954.867031547
F085;F;128242.40021024193;6498985.82321281;3.1877810530874293;0.9744774330887214;48692.285327883605;18.34930020241293;166.91914313153407;4309234.120132383
F086;F;224803.5143291426;12148264.857128495;4.601653996185493;3.5381952688682627;4183577.914779063;42.513823962788685;242.9014559708814;7234559.783689298
F087;F;106732.15076672823;5158719.068532193;3.851714446268815;1.153101827053187;37770.43481576893;23.562702032504635;168.12836493326222;3696398.278619372
F088;F;127932.4880830893;6455603.7088280395;4.928937839195511;4.240457060070616;13249.286407147929;75.82625657530238;347.35545083540103;4252571.835968151
F089;F;195892.55866451468;10455839.278297653;4.536548620092798;1.2608096061459122;602053.6125250665;46.42674039452802;283.49178492522583;6256865.82654071
F090;F;164012.90156964204;8320100.7282280335;4.470922759932394;3.162453872632557;757420.5791583078;37.730059933885;200.04077843788028;5415826.358166831
F091;F;196595.31258491747;10404175.559331538;4.763998920989427;4.154128430217267;997631.07065099;59.26367234099784;271.05091449570216;6460242.221199401
F092;F;177958.17297447834;9164486.039368387;4.67654601071722;2.573231287728916;465030.02498824894;57.118606922590615;287.6804148966246;5518723.450006626
F093;F;137660.13661280918;7159090.315360365;4.66739359513028;3.619451113482272;36369.32397601881;48.329579278057686;261.2496407094249;4704945.212576209
F094;F;166886.0772360678;8761350.799756004;4.26717598249037;1.181903335954791;220748.2126884251;37.69360742950267;244.60689615633916;5518438.875814943
F095;F;173568.9273483133;9248029.686117465;4.613066564670912;3.6815289776167903;279597.94349585014;51.15289715407059;250.59585361854943;5883034.297385842
F096;F;199995.1118784689;10720955.205996979;4.969020846628225;4.066339844844513;467012.30876861955;71.4363857366766;346.6918329225167;6399869.554041064
F097;F;202200.94567912276;10779818.123976074;4.640883312504176;1.5194061375167545;896670.9580229332;50.652772306111785;294.4967598602208;6577009.501123378
F098;F;169703.78801215105;8640574.501129044;4.636506979105576;3.874984406645855;658652.2927482649;51.887340281594895;235.18412264733212;5584258.996101061
F099;F;124503.55845209815;6155867.1087399535;4.7185655246612335;3.7740479204386848;30605.307386721146;56.4198866189401;276.68323260923563;4179299.1587989717
F100;F;136427.3858888198;6919197.758578062;4.052714265734005;1.0693569425681175;82548.76437436452;29.661696384445936;200.35134264184276;4512521.934053418
S001;S;342729.66554396256;19100893.398411892;5.267367539754687;4.9028343030883015;215522960.9415925;129.38122327672758;554.6248042459383;10219814.119826384
S002;S;344848.2886716535;19304240.76731532;5.27124954709634;4.862977984592407;256560301.39611098;120.8208935784445;571.5495207528296;10319101.949076641
S003;S;334386.68644974125;18731697.490246195;5.3064434539714025;4.931690914412517;107517956.34956226;146.14355790208975;646.1996293797714;9725523.993670505
S004;S;249982.2174872241;13551782.05526781;5.038308634364641;4.063920496703236;3093713.18961121;124.57188108543703;475.9691895808276;7303613.867612111
S005;S;296322.13352751127;16202235.980771923;5.084725366087006;4.40241040352959;48434211.38147112;103.08427981841953;402.6764658158169;9144374.2789331
S006;S;236028.86814802434;12653002.8672093;5.012439522312516;4.139846601451405;2473495.4504868197;102.14084627117094;409.12960905763515;7262464.055765996
S007;S;318026.65748274536;18137199.661533047;5.486667524302878;4.664245065785578;31979361.09423177;115.02731224476132;764.8727671094679;9905485.603568608
S008;S;280568.55682539707;15188691.008323412;4.571110713547259;2.432641806690217;25037911.2280747;86.50328434802266;425.06057704995567;8388242.065618729
S009;S;296133.55972535175;16195339.866758337;5.014175505273969;3.6759288852974246;26592693.495663952;120.98059649875343;485.93715690584406;8805495.90177962
S010;S;368079.5469263294;20953307.45907614;5.373688895395718;4.985764895666918;262622827.35520822;169.35040422293673;721.7674855574186;10655553.536862073
S011;S;337447.59161949094;18861435.40351799;5.412599911667012;5.044835165909491;82871098.69200534;166.5009691469231;629.493615336386;10060819.83986987
S012;S;310252.51937174937;16942350.879658826;5.003770150865264;3.9985788920104537;86903426.33573514;120.71070887083921;429.23197746630086;9451442.883785777
S013;S;330966.4288984177;18389836.801620718;5.070393294287898;4.189703960965276;80586851.60317491;186.40654525688774;596.0178617638097;9426488.306586973
S014;S;252836.55724141252;13742405.6209907;5.02947485626072;3.2247847106734255;6102826.019773504;71.55809085508702;387.0697790733511;7948679.549759224
S015;S;262052.92135299745;14222319.750669321;4.988252208959873;4.144772451874653;12563219.202520566;73.40022841291396;403.0647629971879;8054147.039455036
S016;S;206125.67834329087;11078131.021395674;4.709870372929977;3.5848160117757053;1236119.2599699683;53.43069632540817;293.9042837691181;6527916.582654796
S017;S;358017.8238377037;20166953.626497086;5.323191009071152;4.878334157225251;378955724.4417478;134.90491037947126;598.8637814845108;10850966.631152112
S018;S;268228.1104418039;14886399.725991547;5.2838624872380215;4.522613808597862;5377195.462866758;100.65899871526244;528.1503609616161;8285094.442272028
S019;S;309295.00992911006;16768574.188985497;5.101246199374613;4.6422367881734585;109993950.48912348;126.1585922481819;444.037233247191;9162532.288186546
S020;S;271744.3053177163;14949853.85320202;5.121592912007048;3.6526997058117288;5198150.0791413;144.79196359530468;566.1118341770328;8172928.370210047
S021;S;243237.49485542378;13179531.04345663;5.144705225109675;4.43536756950322;2676419.0520992666;106.00651775727201;435.1755707883525;7572296.650496877
S022;S;286473.27790840017;15805009.317016553;5.2251638470584005;4.464779310947519;13337539.007082399;124.41445342353906;540.2013451579999;8426781.81023572
S023;S;283958.749140867;15589941.651849456;5.208757241569415;4.723685876535913;15702259.446912916;130.082683829703;532.8441658952819;8323329.289665229
S024;S;302014.53315287083;16504441.073329661;5.192333787380857;4.718826584024298;40358450.175847396;114.73782488157563;466.4512780085708;9169839.119138215
S025;S;310771.92911238613;17144716.86526878;5.20175670511401;4.591845068586407;68704043.96694043;116.3356191813539;494.088095101255;9405096.83495142
S026;S;253928.8735029095;13646597.587043269;4.963671909200484;4.190345615603344;4867028.446147017;120.18436750065845;436.2202535797907;7411985.525035844
S027;S;349302.67102463124;19473921.50346931;5.261235430607443;4.891759502894002;269289384.26055944;142.1756116276017;588.122978721751;10309203.195765652
S028;S;304929.55217786215;16563355.953850575;5.067754766223766;4.380373097873827;92834726.00959638;117.37030457426756;424.3501313522103;9228763.018124614
S029;S;268362.8009668155;14830046.945084447;4.9711187612570225;3.1743761543319464;10361701.455094034;68.22101784124554;424.6630615301158;8313042.596186987
S030;S;345789.97323656786;19233164.727443855;5.33658517885613;4.960876904855872;160096439.81451368;148.29323840822607;578.00330105981;10217397.051101841
S031;S;286841.5960418438;15890237.807454206;4.807313477816068;2.963272235886384;15513802.415391473;105.73812483101737;490.5173788586096;8806659.233521212
S032;S;229445.12794394788;12288910.501150303;4.882080951174902;2.6000295886974194;2516666.0120397736;70.87992200410541;352.5194824665585;7141060.224056088
S033;S;268980.03407740605;14257749.024668591;4.899867260472811;4.2661483926130375;41237531.191361316;94.10111203074177;340.4241829946413;8392286.439498581
S034;S;335711.0696323737;18711837.281237602;5.398463034240549;5.009519803034061;98822891.35564835;152.03959961481053;601.1125002575247;10151081.76720089
S035;S;350882.94023316604;19743702.517460663;5.217611778877444;4.719206750520135;260041421.54231063;128.58776581298218;622.1211944254259;10387143.333479177
S036;S;241055.7453967182;12723953.344022023;4.934519047768311;4.133577766346932;5487486.943428855;98.09687472787688;387.9191960636188;7154118.949183378
S037;S;358382.1720179806;20025176.0590637;5.300520002692899;4.970974162675165;418658049.7196278;139.78837418693553;600.7106869266843;10594220.675349796
S038;S;248713.58176477285;13267848.794355033;5.043906625152092;4.594943521379019;8272312.873867546;86.62299071789279;388.6629193679247;7555345.256531421
S039;S;208464.63784093663;11148845.920639375;4.808199641362415;3.721538873756267;841468.0060998831;86.14604103030203;414.84393188389;6343162.406924706
S040;S;272353.4287682985;15177307.538517686;5.057827305391176;3.778764276400259;9313684.100932317;77.04242553226675;456.30290381406775;8497307.336802041
S041;S;333428.4955985113;18607505.261806473;5.292345758607005;4.7384203735472905;132141368.39850368;122.53493156557964;566.907443690302;10160060.905410714
S042;S;291831.1841845449;15942968.381203657;5.085061343856684;4.33503520274323;23464702.505242497;136.93634169096666;498.42416983173575;8852176.433049995
S043;S;219498.71079611528;11647188.37664221;4.910327142757974;4.158863496526489;1901384.0279814834;76.58116462360371;351.16124232433833;6966582.939802154
S044;S;293021.97333508526;15777851.442602636;4.995206864831988;3.829704919808695;65868742.97650473;100.91267430024506;409.1357668372603;8727711.577950431
S045;S;260621.59454988845;14449742.285524372;4.936200416165644;3.614095929765338;8280099.679384565;65.75768123994838;400.7813288454935;8023081.898295607
S046;S;288039.2250860307;15614666.26269468;5.092931352327816;4.174507890292036;26124239.59716684;114.39480016840312;447.3269987437588;8570958.605724072
S047;S;370770.57731424674;21032394.750395246;5.350315259389866;4.964292710911282;391968919.878711;159.66533811538312;689.3765441694622;10848995.50135142
S048;S;272880.2727849931;14725080.1295629;5.0663175209192;4.405013549271757;13632457.253178207;113.45263819618023;419.7775048218158;8304212.798796761
S049;S;353141.03048357624;19714893.02331632;5.384346788959644;4.9907750917176905;205828729.1165292;154.5860081325122;604.825818945613;10508885.30225053
S050;S;285778.02298578474;15552207.177640297;5.080437501165578;3.7397019511529197;15391338.936511468;128.96497889047941;489.09857090588406;8282053.837449561
S051;S;251627.1804447403;13771129.660042679;5.201963193945697;4.457816752209932;3745988.117118935;97.94450796615504;453.504160379424;7943329.02114771
S052;S;318960.8136536661;17983439.73610069;5.390396500872882;5.0417178815492205;33613914.997590564;154.2530892388696;673.6813511019933;9444024.39387002
S053;S;289792.2415167865;16083320.965204557;5.221385082450532;4.429342470260988;20092494.885086834;94.12827209308631;484.9509835888663;8881514.088867024
S054;S;278456.34358887887;15183507.394692248;4.968757273872147;3.910651172027091;10478086.747216994;135.05118057818018;507.12978086111445;7961117.284173539
S055;S;235395.9701098076;12527432.317769703;4.973397280254359;4.212972067890755;4057871.026186254;85.28090309102578;361.5365191096585;7414408.594159021
S056;S;265876.0507033576;14507770.84778236;5.140524972219668;4.644367773489474;6799231.860588904;107.45305726756618;436.1539087417743;8214671.069506967
S057;S;272371.31325330737;14709634.632394113;5.00118150082605;4.27977686148743;12371926.595710952;119.49257500415783;447.0304567209886;8264536.285978988
S058;S;288963.599944044;15676279.831849657;5.142991647951876;4.57955982230376;35851122.352090545;119.19690038401774;446.68503472920287;8666417.397282813
S059;S;324786.43967765744;17654723.71391884;5.0829401757619115;4.5192896337057045;266943765.80583373;112.35275606616868;422.56991446619713;9791758.952953268
S060;S;333125.1620498773;18564464.467052143;5.221628710701801;4.7118030601078456;205755108.62807894;105.63581375698772;524.6571015435485;9857575.196948463
S061;S;295053.1723388155;16655610.631748928;4.933981287911882;3.259646395121658;12899020.99046009;130.1914320679344;608.2797678657922;8701965.004556863
S062;S;298863.2125379923;16344543.90975849;5.193638001300155;4.55896385338101;40048253.08888697;109.62030399496867;451.5377690601155;9277725.562334858
S063;S;239392.15670658223;12792781.471619248;5.000753751474488;3.7547608612815533;2717560.8926078235;95.2369581527187;423.7161648552954;7140464.918983153
S064;S;250880.98361977065;13571797.60478743;5.1203800589397135;4.26934435104976;4838546.201050994;85.70469593986373;414.9999299705077;7788168.068144091
S065;S;287124.3706844277;15525629.025727231;4.889880639361103;4.165517261764029;83891987.18181391;71.23581315718458;318.99105794841677;9066850.890695678
S066;S;288870.3583967556;15735838.663757293;5.112858774338028;4.507945246545397;29915504.535679013;107.20344893805327;415.2807083272526;8987348.318505544
S067;S;323936.3233907023;17732802.087365318;5.132214275936056;4.4466774159243725;152096526.2377219;121.65298915531336;457.26265294765005;9770101.451199118
S068;S;356433.78957265447;19858977.742147166;5.336232112053443;4.89714608025566;278706187.10332197;153.63628085422576;586.4248464967623;10573322.927598376
S069;S;287707.3457145398;15883577.761605766;5.229113029811232;4.2905144887708735;21814572.215209465;93.14081495651209;502.5857618282139;8759326.712758904
S070;S;245992.34065731044;13312665.636549592;4.376289485519787;2.4108364393694712;5810294.72629631;66.92110202992544;382.00015481083415;7252962.715829943
S071;S;243087.56363753852;13098660.834259171;4.971378929005196;4.039793304407416;5080705.317971912;72.26292806648823;374.49857546895896;7877613.329450761
S072;S;285792.45836574945;15896575.745800786;5.189360745420678;4.262373334404993;10112835.640601814;162.83092789645949;587.189683793467;8506231.146565387
S073;S;279763.59481678775;14990781.389139488;5.003628758237036;4.246271449825927;46160632.5216294;97.24433238380838;384.0457754848544;8407953.182593293
S074;S;250588.31940310207;13885042.171403095;5.079646178379233;2.792933132272783;2679739.5785897276;76.12589863951051;482.3407627324858;7740918.886116342
S075;S;247977.13169966493;13206130.467743048;4.833246504146254;3.200033226442621;6942440.666312863;87.43271750227176;386.39962137704737;7420404.362432209
S076;S;351453.9455580025;19711297.31083417;5.3232059596728325;4.9496571450771;243917856.62772825;147.19197699085228;649.4688613930119;10278493.991306415
S077;S;240880.29689224652;12962894.973241609;5.101895949495765;4.238586820696458;3092599.4118839777;84.59726742224446;412.0802960212091;7403300.203637846
S078;S;262968.6577514893;14421640.202607052;5.2609381189232005;4.668847900263846;3991506.275023505;116.90277413862526;509.7302798068553;7930630.630493909
S079;S;330483.46451046393;18195411.70333577;5.175379499659473;4.490507468741201;140729715.65760985;135.4763631176611;519.6929001814206;9736148.54589103
S080;S;300471.9788214815;16330638.88734296;4.963715208638841;3.943169912001655;43957774.60737798;142.22722431948068;473.62767013248487;8671745.094771087
S081;S;328507.48943051836;18294077.29828488;5.180111795799327;4.2295274257198265;145798572.85287595;103.1999921911304;478.5949037963321;10080516.837050827
S082;S;302470.8331846185;16587474.699817311;5.061845251856769;4.257230951253282;31730257.32512919;144.5794207710556;511.90384464327866;8859513.856260946
S083;S;246731.24725185343;13617322.04451192;4.947785537873742;2.151189725785517;1695628.7738583796;91.33552706930509;518.2026050964247;7382489.041610939
S084;S;240593.6151762066;13157576.876690466;4.969407660687831;3.8717229172707115;3573775.92353303;68.26537186359884;367.0185447401871;7717758.949674113
S085;S;347997.5154102289;19531352.31445576;5.31479375003411;4.922153998285937;175585923.98218533;145.97361470253853;616.1582668103094;10311193.536548933
S086;S;302277.0985310263;16970181.796358578;5.476472083275915;5.06693557846715;9465907.671097841;172.75810704771578;686.7002601394071;8951848.015864871
S087;S;272757.4963090217;14485712.889559109;4.8869339114226245;4.235521668489905;52166530.33577574;91.23009213144569;335.61620490381773;8500785.738700906
S088;S;249187.73114070174;13310326.479165597;4.955242058243002;3.9086002145305856;5495412.970497312;100.44267547966994;406.34767234325165;7488905.213276485
S089;S;263651.42557611654;14602714.298087275;4.867387425224401;3.277043740370372;9103797.823300477;61.96659552827452;383.29201796323366;8228046.610138628
S090;S;325964.20687445486;18321687.24190687;5.41939321956781;4.999703271923233;43691195.99258589;138.9442663190726;626.8525423521558;9850382.372874727
S091;S;322890.1663525324;17896671.898878757;5.278505453387124;4.5760943821677005;84298701.24524121;142.4105453512049;541.9983648481767;9789173.183439963
S092;S;294331.1934098302;16121884.551437557;5.221707094207763;4.734485757066734;29027130.161830645;124.58424708216154;489.99863593230157;8756782.046825252
S093;S;334444.71485360473;18595781.19797435;5.235027907136176;4.643704642274797;207082800.492802;107.11774609794341;511.0534933980045;10115988.839597369
S094;S;283474.7830648394;15388378.74246208;5.063955417948063;4.335609770427062;18493627.773743723;128.15859449236945;479.82422847557694;8557665.33906709
S095;S;278744.3930489475;15292939.63423118;5.049448022137467;3.5395199334556615;7811935.916410653;132.9815166938136;536.3415214240111;8246981.588317412
S096;S;225938.24723522997;11984644.376413235;4.862008725674084;3.0584447575338167;2230291.5412724977;75.72014282561703;382.9460896060795;6829296.199566855
S097;S;307698.6836348957;16768114.040193828;5.0144122818279975;4.314017223339913;65367919.51818383;142.2247638723982;475.28036266785153;8862604.787809486
S098;S;273782.0760159246;14777565.097509587;4.987829135244999;4.26705229473429;12435415.153225992;134.69042179784236;470.3281419018573;8229514.997872398
S099;S;333475.2284891656;18563733.400542684;5.332466266494827;4.689925272049119;88517486.63939473;146.89410269140743;589.7898167815106;9922634.053428391
S100;S;282572.453324306;15392327.283775263;5.079934744694678;4.212618957138796;16631601.27474146;113.45844767285186;447.8778984419344;8452103.461532045
